{"cameraMode":{"drawMode":0,"name":"Shaded","section":"Shading Mode"},"sceneLighting":false,"audioPlay":false,"sceneViewState":{"m_AlwaysRefresh":false,"showFog":true,"showSkybox":true,"showFlares":true,"showImageEffects":true,"showParticleSystems":true,"showVisualEffectGraphs":true,"m_FxEnabled":true},"in2DMode":false,"pivot":{"x":1.093324065208435,"y":1.1902081966400147,"z":6.685112476348877},"rotation":{"x":0.02094503492116928,"y":-0.06504377722740174,"z":-0.0013645634753629566,"w":-0.9976894855499268},"size":7.485637187957764,"orthographic":false}