{"cameraMode":{"drawMode":0,"name":"Shaded","section":"Shading Mode"},"sceneLighting":true,"audioPlay":false,"sceneViewState":{"m_AlwaysRefresh":false,"showFog":true,"showSkybox":true,"showFlares":true,"showImageEffects":true,"showParticleSystems":true,"showVisualEffectGraphs":true,"m_FxEnabled":true},"in2DMode":false,"pivot":{"x":10.526472091674805,"y":0.32464465498924258,"z":-14.634042739868164},"rotation":{"x":0.02191457897424698,"y":0.10954611003398895,"z":0.003960890229791403,"w":-0.9948686361312866},"size":2.330387830734253,"orthographic":false}