{"cameraMode":{"drawMode":0,"name":"Shaded","section":"Shading Mode"},"sceneLighting":true,"audioPlay":false,"sceneViewState":{"m_AlwaysRefresh":false,"showFog":true,"showSkybox":true,"showFlares":true,"showImageEffects":true,"showParticleSystems":true,"showVisualEffectGraphs":true,"m_FxEnabled":true},"in2DMode":false,"pivot":{"x":0.8657130002975464,"y":1.081936240196228,"z":1.4056283235549927},"rotation":{"x":0.10515262931585312,"y":-0.882554829120636,"z":0.39710360765457156,"w":0.23179228603839875},"size":1.4092251062393189,"orthographic":false}