{"cameraMode":{"drawMode":0,"name":"Shaded","section":"Shading Mode"},"sceneLighting":true,"audioPlay":false,"sceneViewState":{"m_AlwaysRefresh":false,"showFog":true,"showSkybox":true,"showFlares":true,"showImageEffects":true,"showParticleSystems":true,"showVisualEffectGraphs":true,"m_FxEnabled":true},"in2DMode":false,"pivot":{"x":-11.988961219787598,"y":0.7747177481651306,"z":15.753525733947754},"rotation":{"x":-0.0677696093916893,"y":0.4166862368583679,"z":-0.026500126346945764,"w":-0.9077006578445435},"size":0.8303290009498596,"orthographic":false}