{"cameraMode":{"drawMode":0,"name":"Shaded","section":"Shading Mode"},"sceneLighting":true,"audioPlay":false,"sceneViewState":{"m_AlwaysRefresh":false,"showFog":true,"showSkybox":true,"showFlares":true,"showImageEffects":true,"showParticleSystems":true,"showVisualEffectGraphs":true,"m_FxEnabled":true},"in2DMode":false,"pivot":{"x":-10.965458869934082,"y":0.550000011920929,"z":10.309121131896973},"rotation":{"x":-0.025972086936235429,"y":0.053403377532958987,"z":0.0018498172285035253,"w":-0.9994774460792542},"size":0.48989781737327578,"orthographic":false}