{"cameraMode":{"drawMode":0,"name":"Shaded","section":"Shading Mode"},"sceneLighting":false,"audioPlay":false,"sceneViewState":{"m_AlwaysRefresh":false,"showFog":true,"showSkybox":false,"showFlares":true,"showImageEffects":true,"showParticleSystems":true,"showVisualEffectGraphs":true,"m_FxEnabled":true},"in2DMode":false,"pivot":{"x":0.0016788274515420199,"y":1.2009185552597047,"z":-0.15508662164211274},"rotation":{"x":0.00012893538223579526,"y":-0.9984616637229919,"z":0.06421294808387757,"w":-0.012813188135623932},"size":2.248683452606201,"orthographic":false}